target,contrast,metric,estimate,ci_lo,ci_hi,bootstrap_fraction_positive,n_bootstrap
EGFR,coupled_minus_gnina,roc_auc,0.0062873180145682,0.0046598316400902,0.0079191297215027,1.0,2000
EGFR,coupled_minus_gnina,ef1,4.606326962146026,2.5795430988017767,6.817363903976117,1.0,2000
EGFR,coupled_minus_gnina,ef5,0.8485175515422192,0.4427048095002872,1.1805461586674362,1.0,2000
EGFR,coupled_minus_gnina,bedroc_80_5,0.0736192081818766,0.0558574531277186,0.0914929373889855,1.0,2000
CDK2,coupled_minus_gnina,roc_auc,0.0041662154862117,0.0023492615578783,0.006008550210849,1.0,2000
CDK2,coupled_minus_gnina,ef1,2.109406449881469,-0.4218812899762962,4.640694189739232,0.9335,2000
CDK2,coupled_minus_gnina,ef5,0.4218812899762936,0.0,0.7593863219573294,0.972,2000
CDK2,coupled_minus_gnina,bedroc_80_5,0.0216548899452538,-0.0032748098646579,0.046273873460951,0.9515,2000
