target,contrast,metric,estimate,ci_lo,ci_hi,bootstrap_fraction_positive,n_bootstrap
EGFR,coupled_minus_gnina,roc_auc,0.0047934907369638,0.003423338587499,0.006120623417031,1.0,2000
EGFR,coupled_minus_gnina,ef1,4.422073883660184,2.395290020315933,6.633110825490276,1.0,2000
EGFR,coupled_minus_gnina,ef5,0.7378413491671472,0.332028607125217,1.1067620237507212,1.0,2000
EGFR,coupled_minus_gnina,bedroc_80_5,0.070697284564887,0.0536288352234377,0.0880302048540448,1.0,2000
CDK2,coupled_minus_gnina,roc_auc,0.0041662154862117,0.0023492615578783,0.006008550210849,1.0,2000
CDK2,coupled_minus_gnina,ef1,2.109406449881469,-0.4218812899762962,4.640694189739232,0.9335,2000
CDK2,coupled_minus_gnina,ef5,0.4218812899762936,0.0,0.7593863219573294,0.972,2000
CDK2,coupled_minus_gnina,bedroc_80_5,0.0216548899452538,-0.0032748098646579,0.046273873460951,0.9515,2000
