target,null,n_permutations,observed_ef1,null_mean,null_sd,null_p2_5,null_p97_5,observed_minus_null_mean,empirical_p
EGFR,all_ligand,1000,16.21427090675401,11.456856420249595,0.7054655536148852,9.949666238235416,12.718068742485173,4.757414486504414,0.0009990009990009
EGFR,heavy_atom_decile,1000,16.21427090675401,12.330400265350969,0.7205393028260944,11.050578382188316,13.639334134914378,3.8838706414030426,0.0009990009990009
EGFR,class_conditional,1000,16.21427090675401,14.136448940669183,0.7219869596597747,12.713462415523033,15.477258592810646,2.0778219660848265,0.0029970029970029
CDK2,all_ligand,1000,14.97678579415843,9.649057923692803,0.933944344938389,7.8048038645614355,11.60173547434808,5.327727870465626,0.0009990009990009
CDK2,heavy_atom_decile,1000,14.97678579415843,12.279487766694997,0.9503486149585534,10.547032249407344,14.13302321420584,2.697298027463434,0.0049950049950049
CDK2,class_conditional,1000,14.97678579415843,12.354371695665789,0.946542549841388,10.547032249407344,14.343963859193988,2.6224140984926425,0.0029970029970029
