target,null,n_permutations,observed_ef1,null_mean,null_sd,null_p2_5,null_p97_5,observed_minus_null_mean,empirical_p
EGFR,all_ligand,1000,16.39852398523985,11.34722583855052,0.7515803677412527,9.949666238235416,12.897715494008873,5.051298146689332,0.0009990009990009
EGFR,heavy_atom_decile,1000,16.39852398523985,12.392493552800698,0.7540305052594699,10.87093163066462,13.818980886438077,4.006030432439154,0.0009990009990009
EGFR,class_conditional,1000,16.39852398523985,14.264689083295329,0.7425065068187857,12.897715494008873,15.661511671296488,2.1338349019445246,0.0039960039960039
CDK2,all_ligand,1000,13.078319989265108,8.73315364315427,0.9190865453569376,6.961041284608847,10.757972894395492,4.345166346110839,0.0009990009990009
CDK2,heavy_atom_decile,1000,13.078319989265108,11.000343695486873,0.9098562041666416,9.070447734490315,12.656438699288811,2.077976293778235,0.0139860139860139
CDK2,class_conditional,1000,13.078319989265108,11.093157579281655,0.9484375339334375,9.281388379478464,12.86737934427696,1.9851624099834524,0.0219780219780219
