target,prior_definition,roc_auc,ef1,ef5,bedroc
CDK2,primary_union_recall,0.7665237069168163,14.97678579415843,7.2563581875922525,0.26543072164563625
CDK2,60pct_core_recall,0.763541631595917,13.078319989265108,6.918853155611218,0.23694972980683943
CDK2,frequency_weighted_recall,0.7652480036591872,13.289260634253253,7.087605671601735,0.256891522833424
CDK2,primary_union_jaccard,0.7649435516379443,14.13302321420584,7.045417542604106,0.2627823207425529
CDK2,receptor_specific_recall,0.7655724744434708,14.765845149170282,6.9610412846088465,0.25692946045005177
