target,contrast,metric,estimate,ci_lo,ci_hi,bootstrap_fraction_positive,n_bootstrap
CDK2,coupled_minus_gnina,roc_auc,0.005023572093480366,0.0031126039117876534,0.006890698994542405,1.0,2000
CDK2,coupled_minus_gnina,ef1,3.3750503198103505,0.4218812899762944,5.695397414679967,0.988,2000
CDK2,coupled_minus_gnina,ef5,0.3796931609786638,-0.08437625799525961,0.8015744509549574,0.9215,2000
CDK2,coupled_minus_gnina,bedroc_80_5,0.0292492078108669,0.00437961757658769,0.05507005083756072,0.987,2000
CDK2,coupled_minus_late_fusion,roc_auc,-0.002124680799306722,-0.003564783409116473,-0.0005518012791989488,0.003,2000
CDK2,coupled_minus_late_fusion,ef1,-1.4765845149170271,-3.7969316097866432,0.42188128997629276,0.044,2000
CDK2,coupled_minus_late_fusion,ef5,-0.3796931609786647,-0.8015744509549592,0.0,0.0245,2000
CDK2,coupled_minus_late_fusion,bedroc_80_5,-0.029214195460843084,-0.0478073728193223,-0.012023795353437911,0.0,2000
